"time"	"b_cf"	"c_V"	"D_V"	"p_V"
0	0.2154656555	0.5333441145	0	0
50	0.2154656555	0.5333441145	0	0
