"time"	"b_cf"	"c_V"	"D_V"	"p_V"
0	0.4573938801	0.5209552475	0	0
50	0.4573938801	0.5209552475	0	0
